ID,NAME,X,Y
10AA001,LIARD RIVER AT UPPER CROSSING,-128.906940,60.050830
10AA004,RANCHERIA RIVER NEAR THE MOUTH,-129.550000,60.204170
10AA005,BIG CREEK AT KM 1084.8 ALASKA HIGHWAY,-129.702780,60.158330
10AA006,LIARD RIVER BELOW SCURVY CREEK,-130.521030,60.810780
10AB001,FRANCES RIVER NEAR WATSON LAKE,-129.118890,60.473890
10AC005,COTTONWOOD RIVER ABOVE BASS CREEK,-129.825550,59.117500
10AD002,HYLAND RIVER AT KILOMETRE 108.5 NAHANNI RANGE ROAD,-128.242140,61.486810
10BD001,BEAVER RIVER BELOW WHITEFISH RIVER,-124.889310,60.130750
10BE001,LIARD RIVER AT LOWER CROSSING,-126.097220,59.412500
10BE004,TOAD RIVER ABOVE NONDA CREEK,-125.382610,58.854970
10BE007,TROUT RIVER AT KILOMETRE 783.7 ALASKA HIGHWAY,-125.940250,59.335970
10BE009,TEETER CREEK NEAR THE MOUTH,-126.227500,59.454170
10BE013,SMITH RIVER NEAR THE MOUTH,-126.480560,59.553330
10CA001,FONTAS RIVER NEAR THE MOUTH,-121.463920,58.271190
10CB001,SIKANNI CHIEF RIVER NEAR FORT NELSON,-122.691470,57.238220
10CD001,MUSKWA RIVER NEAR FORT NELSON,-122.661640,58.788110
10CD003,RASPBERRY CREEK NEAR THE MOUTH,-123.318890,58.892390
10CD004,BOUGIE CREEK AT KILOMETRE 368 ALASKA HIGHWAY,-122.720170,58.030250
10CD005,ADSETT CREEK AT KILOMETRE 386.0 ALASKA HIGHWAY,-122.715580,58.106000
10DA001,PETITOT RIVER BELOW HIGHWAY NO. 77,-122.956390,59.988890
10DB001,LABICHE RIVER AT YUKON/BC BOUNDARY,-124.108330,60.005920
10EA003,FLAT RIVER NEAR THE MOUTH,-125.410750,61.529970
10EB001,SOUTH NAHANNI RIVER ABOVE VIRGINIA FALLS,-125.797030,61.636110
10EC003,PRAIRIE CREEK AT CADILLAC MINE - SITE TWO,-124.811010,61.556140
10ED001,LIARD RIVER AT FORT LIARD,-123.475420,60.241560
10ED002,LIARD RIVER NEAR THE MOUTH,-121.227970,61.742720
10ED003,BIRCH RIVER AT HIGHWAY NO. 7,-122.094250,61.333580
10ED007,BLACKSTONE RIVER AT HIGHWAY NO. 7,-122.895440,61.060310
10ED009,SCOTTY CREEK AT HIGHWAY NO. 7,-121.456280,61.416310
10GA001,ROOT RIVER NEAR THE MOUTH,-123.433060,62.479720
10GC001,MACKENZIE RIVER AT FORT SIMPSON,-121.358890,61.868440
10GC003,MARTIN RIVER AT HIGHWAY NO. 1,-121.611830,61.893940
10GD002,TETCELA R AT CANADIAN ZINC ROAD,-123.724280,61.472530
10HA004,KEELE RIVER ABOVE TWITYA RIVER,-128.213890,64.136670
06JA001,THELON RIVER AT THE OUTLET OF DOUBLE BARREL LAKE,-104.839530,62.567580
06JB001,HANBURY RIVER ABOVE HOARE LAKE,-105.154440,63.591110
06KB003,DUBAWNT RIVER ABOVE DUBAWNT LAKE,-102.238920,62.859860
07OB001,HAY RIVER NEAR HAY RIVER,-115.859640,60.743000
07OB002,GREAT SLAVE LAKE AT HAY RIVER,-115.734190,60.859860
07OB008,HAY RIVER NEAR ALTA/NWT BOUNDARY,-116.972080,60.003860
07QC007,TAZIN RIVER NEAR THE MOUTH,-110.664480,60.408500
07QD002,NONACHO LAKE NEAR LUTSELK'E (SNOWDRIFT),-109.661110,61.733610
07QD004,TALTSON RIVER ABOVE PORTER LAKE OUTFLOW,-107.665580,61.876250
07QD007,TALTSON RIVER BELOW HYDRO DAM,-111.512500,60.466940
07RB001,LOCKHART RIVER ABOVE OUTRAM LAKE,-109.632360,64.056780
07RD001,LOCKHART RIVER AT OUTLET OF ARTILLERY LAKE,-108.466030,62.894140
07SA002,SNARE RIVER BELOW GHOST RIVER,-115.433310,63.974110
07SA004,INDIN RIVER ABOVE CHALCO LAKE,-115.021750,64.387750
07SA008,SNARE RIVER ABOVE INDIN LAKE,-114.969970,64.217470
07SB001,GREAT SLAVE LAKE AT YELLOWKNIFE BAY,-114.349810,62.441560
07SB002,YELLOWKNIFE RIVER AT OUTLET OF PROSPEROUS LAKE,-114.220060,62.558940
07SB003,YELLOWKNIFE RIVER AT INLET TO PROSPEROUS LAKE,-114.261220,62.672000
07SB010,CAMERON RIVER BELOW REID LAKE,-113.523080,62.490860
07SB012,DUNCAN LAKE NEAR YELLOWKNIFE,-114.033360,62.807810
07SB013,BAKER CREEK AT OUTLET OF LOWER MARTIN LAKE,-114.409750,62.513560
07SB014,PROSPEROUS LAKE NEAR MCMEEKAN BAY,-114.163530,62.545470
07SB015,BLUEFISH LAKE NEAR YELLOWKNIFE,-114.262860,62.679500
07SB017,PRELUDE LAKE NEAR YELLOWKNIFE,-113.973500,62.583640
07SB020,YELLOWKNIFE RIVER ABOVE QUYTA LAKE,-114.273940,62.827530
07SC001,BEAULIEU RIVER NEAR GREAT SLAVE LAKE,-113.201190,62.058280
07SC002,WALDRON RIVER NEAR THE MOUTH,-110.487500,63.048060
07SC004,HOARFROST RIVER NEAR THE MOUTH,-109.237190,62.881030
07SC005,BARNSTON RIVER NEAR THE MOUTH,-110.176500,62.940310
07TA001,LA MARTRE RIVER BELOW OUTLET OF LAC LA MARTRE,-116.974640,63.107690
07UC001,KAKISA RIVER AT OUTLET OF KAKISA LAKE,-117.421670,60.940280
10FA002,TROUT RIVER AT HIGHWAY NO. 1,-119.843060,61.139810
10FB001,MACKENZIE RIVER NEAR FORT PROVIDENCE,-117.544720,61.260830
10FB005,JEAN-MARIE RIVER AT HIGHWAY NO. 1,-121.238190,61.445530
10FB006,MACKENZIE RIVER AT STRONG POINT,-120.791920,61.816500
10GB006,WILLOWLAKE RIVER ABOVE METAHDALI CREEK,-122.899250,62.650060
10HB005,REDSTONE RIVER 63 KM ABOVE THE MOUTH,-125.296560,63.923500
10HC008,OCHRE RIVER NEAR THE MOUTH,-123.612670,63.489670
10JA002,CAMSELL RIVER AT OUTLET OF CLUT LAKE,-117.758060,65.598330
10JA003,CAMSELL RIVER ABOVE LAC STE. CROIX,-117.252310,64.273330
10JB001,JOHNNY HOE RIVER ABOVE LAC STE. THERESE,-121.743330,64.561940
10JC003,GREAT BEAR RIVER AT OUTLET OF GREAT BEAR LAKE,-123.550920,65.128420
10JD002,WHITEFISH RIVER NEAR THE MOUTH,-124.610000,65.732220
10JE002,GREAT BEAR LAKE AT HORNBY BAY,-117.619170,66.599720
10KA001,MACKENZIE RIVER AT NORMAN WELLS,-126.850000,65.271970
10KA006,JUNGLE RIDGE CREEK NEAR THE MOUTH,-126.121580,65.057560
10KA007,BOSWORTH CREEK NEAR NORMAN WELLS,-126.877470,65.323860
10KA008,OSCAR CREEK NEAR NORMAN WELLS,-127.368640,65.445580
10KA009,CANYON CREEK AT PIPELINE CROSSING,-126.518170,65.231920
10KB001,CARCAJOU RIVER BELOW IMPERIAL RIVER,-127.683360,65.295330
10KC001,MOUNTAIN RIVER BELOW CAMBRIAN CREEK,-128.563330,65.229440
10KD001,MACKENZIE RIVER AT SANS SAULT RAPIDS,-128.748610,65.765560
10KD009,CHICK CREEK ABOVE CHICK LAKE,-128.134140,65.854860
10LA002,ARCTIC RED RIVER NEAR THE MOUTH,-133.089640,66.787440
10LB004,LOON RIVER NEAR THE ARCTIC CIRCLE,-128.801750,66.514190
10LB005,TRAVAILLANT RIVER ABOVE TRAVAILLANT LAKE,-131.930690,67.783580
10LB006,THUNDER RIVER NEAR THE MOUTH,-130.902470,67.498530
10LB007,TIEDA RIVER NEAR THE MOUTH,-129.283330,66.693060
10LC002,MACKENZIE RIVER (EAST CHANNEL) AT INUVIK,-133.764830,68.374190
10LC003,RENGLENG RIVER BELOW HIGHWAY NO. 8 (DEMPSTER HIGHWAY),-133.862640,67.753560
10LC007,CARIBOU CREEK ABOVE HIGHWAY NO. 8 (DEMPSTER HIGHWAY),-133.492330,68.087280
10LC012,MACKENZIE RIVER (MIDDLE CHANNEL) AT TUNUNUK POINT,-134.689830,69.009610
10LC014,MACKENZIE RIVER AT ARCTIC RED RIVER,-133.753280,67.456000
10LC015,MACKENZIE RIVER AT CONFLUENCE EAST CHANNEL,-134.132530,67.793940
10LC019,MACKENZIE RIVER (KUMAK CHANNEL) BELOW MIDDLE CHANNEL,-135.243280,68.319250
10LC020,BIG LAKE AT TAGLU ISLAND,-134.969030,69.389380
10LC021,MACKENZIE RIVER AT KULUARPAK CHANNEL,-135.015530,69.423130
10LD001,MACKENZIE RIVER AT FORT GOOD HOPE,-128.645750,66.251470
10LD004,HARE INDIAN RIVER NEAR FORT GOOD HOPE,-128.259720,66.400830
10MC002,PEEL RIVER ABOVE FORT MCPHERSON,-134.888810,67.258890
10MC003,MACKENZIE RIVER (PEEL CHANNEL) ABOVE AKLAVIK,-135.114810,68.203670
10MC007,RAT RIVER NEAR FORT MCPHERSON,-135.718060,67.676940
10MC008,MACKENZIE RIVER (MIDDLE CHANNEL) BELOW RAYMOND CHANNEL,-134.429750,68.292420
10MC010,MACKENZIE RIVER (OUTFLOW MIDDLE CHANNEL) BELOW LANGLEY ISLAND,-135.136280,69.083250
10MC011,MACKENZIE RIVER (REINDEER CHANNEL) AT ELLICE ISLAND,-135.512330,69.018190
10MC022,PEEL RIVER AT FROG CREEK,-134.652250,67.635420
10MC023,MACKENZIE RIVER (NAPOIAK CHANNEL) ABOVE SHALLOW BAY,-134.984440,68.635720
10NB001,ANDERSON RIVER NEAR LAC MAUNOIR,-124.610000,67.646170
10NC001,ANDERSON RIVER BELOW CARNWATH RIVER,-128.421440,68.630670
10ND002,TRAIL VALLEY CREEK NEAR INUVIK,-133.493110,68.736190
10ND004,HANS CREEK ABOVE ESKIMO LAKES,-133.592000,68.867440
10OB001,HORNADAY RIVER NEAR THE PARK BOUNDARY,-123.252440,69.176030
10PA001,COPPERMINE RIVER BELOW DESTEFFANY LAKE,-111.954640,64.615750
10PA002,YAMBA RIVER BELOW DARING LAKE,-111.678060,64.806670
10PB001,COPPERMINE RIVER AT OUTLET OF POINT LAKE,-114.007780,65.415830
10PB003,POINT LAKE NEAR THE OUTLET,-113.994920,65.404440
10TA001,BIG RIVER ABOVE EGG RIVER,-123.475330,72.492810
