<?xml version="1.0" encoding="UTF-8"?>
<State xmlns:xsi="http://www.w3.org/2001/XMLSchema-instance" xmlns="http://www.wldelft.nl/fews/PI" xsi:schemaLocation="http://www.wldelft.nl/fews/PI https://fewsdocs.deltares.nl/schemas/version1.0/pi-schemas/pi_state.xsd" version="1.2">
    <stateId>default</stateId>
    <timeZone>0.0</timeZone>
    <dateTime date="2024-08-22" time="12:00:00"/>
    <stateLoc type="file">
        <readLocation>C:\GitHub\Deltares\CanOpenFEWS\Modules\SUMMA\Chena\settings\coldState.nc</readLocation>
        <writeLocation>C:\GitHub\Deltares\CanOpenFEWS\Modules\SUMMA\Chena\settings\coldState.nc</writeLocation>
    </stateLoc>
</State>